{
  "atualizado_em": "2025-11-20T18:39:42.520Z",
  "etapa_total": 6,
  "respostas": {
    "projeto_nome": "New House",
    "projeto_visao": "Um lar moderno com conforto, diversão e tecnologia, ligado as raízes italianas e polonesas dos membros que nela irão residir. Para um casal tradicional que tem dois cachorros e duas gatas e que apreciam o agro.",
    "projeto_objetivos": "Conforto, estética, economia, tecnologia, praticidade, ecológico, sustentável, divertido.",
    "estilo_preferido": "Moderno, contemporâneo, tecnológico.",
    "estilo_referencias": "Pinterest, Instagram.",
    "estilo_cores": "Tons cinzas, detalhes em preto, amadeirado.",
    "estilo_nao_gostamos": "Casa escura, difícil manutenção.",
    "rotina_diaria": "Trabalhamos das 8h. ás 18h. de segunda á sexta e sábado até as 12h. Nesta casa, não há muitas opções de lazer, mas temos dois cachorros e duas gatas. ",
    "rotina_visitas": "Esporadicamente. ",
    "rotina_hobbies": "Churrasco, jogos, música, oficina.",
    "rotina_pets": "Temos uma golden retriever, um blue heller, duas gatas de rua e um jabuti.",
    "ambientes_obrigatorios": "2 quartos, 1 suíte, escritório, despensa, lavanderia, depósito, sala, cozinha com cozinha gourmet, garagem para duas camionetes, canil e gatil e três banheiros.",
    "ambientes_desejaveis": "Piscina, salão de jogos para sinuca, karaokê, entre outros. ",
    "ambientes_integracao": "Separados.",
    "ambientes_tipo_casa": "Casa térrea e sobrado, como ficar melhor.",
    "materiais_preferidos": "Todos.",
    "materiais_prioridades": "Todas as opções: durabilidade, facilidade de limpeza e design.",
    "tecnologia_nivel": "Automação, fechaduras eletrônicas, som ambiente, etc. ",
    "orcamento_comentarios": "Não há orçamento definido, estamos fazendo o estudo.",
    "terreno_observacoes": "Terreno é plano, o sol da manhã dá de frente para a casa, vizinhança tranquila. ",
    "terreno_restricoes": "Não sabemos.",
    "extras_exigencias": "Churrasqueira",
    "extras_observacoes": "Garagem diferente da entrada."
  }
}